{"gen_1": 37.10309960097673, "gen_2": 37.10309960097673, "gen_3": 37.10309960097673, "gen_4": 37.10309960097673, "gen_5": 37.10309960097673, "gen_6": 37.10309960097673, "gen_7": 37.10309960097673, "gen_8": 37.10309960097673, "gen_9": 37.10309960097673, "gen_10": 37.10309960097673, "gen_11": 42.24926034855522, "gen_12": 42.24926034855522, "gen_13": 42.24926034855522, "gen_14": 42.24926034855522, "gen_15": 42.24926034855522, "gen_16": 42.24926034855522, "gen_17": 42.24926034855522, "gen_18": 42.24926034855522, "gen_19": 42.24926034855522, "gen_20": 42.24926034855522, "gen_21": 42.24926034855522, "gen_22": 42.24926034855522, "gen_23": 42.24926034855522, "gen_24": 42.24926034855522, "gen_25": 42.24926034855522, "gen_26": 42.24926034855522, "gen_27": 42.24926034855522, "gen_28": 42.24926034855522, "gen_29": 42.24926034855522, "gen_30": 42.24926034855522, "gen_31": 42.24926034855522, "gen_32": 42.24926034855522, "gen_33": 42.24926034855522, "gen_34": 42.24926034855522, "gen_35": 42.24926034855522, "gen_36": 44.874937325861524, "gen_37": 44.874937325861524, "gen_38": 44.874937325861524, "gen_39": 44.874937325861524, "gen_40": 44.874937325861524, "gen_41": 44.874937325861524, "gen_42": 44.874937325861524, "gen_43": 44.874937325861524, "gen_44": 44.874937325861524, "gen_45": 46.59066430090904, "gen_46": 46.59066430090904, "gen_47": 46.59066430090904, "gen_48": 46.59066430090904, "gen_49": 46.59066430090904, "gen_50": 46.59066430090904, "gen_51": 49.07840665710329, "gen_52": 49.07840665710329, "gen_53": 49.07840665710329, "gen_54": 49.07840665710329, "gen_55": 49.07840665710329, "gen_56": 49.07840665710329, "gen_57": 49.07840665710329, "gen_58": 49.07840665710329, "gen_59": 49.07840665710329, "gen_60": 49.07840665710329, "gen_61": 49.07840665710329, "gen_62": 49.07840665710329, "gen_63": 49.07840665710329, "gen_64": 49.07840665710329, "gen_65": 49.07840665710329, "gen_66": 49.07840665710329, "gen_67": 49.07840665710329, "gen_68": 49.07840665710329, "gen_69": 49.07840665710329, "gen_70": 49.07840665710329, "gen_71": 49.07840665710329, "gen_72": 49.07840665710329, "gen_73": 49.07840665710329, "gen_74": 49.07840665710329, "gen_75": 49.07840665710329, "gen_76": 49.07840665710329, "gen_77": 49.07840665710329, "gen_78": 49.07840665710329, "gen_79": 49.07840665710329, "gen_80": 49.07840665710329, "gen_81": 49.07840665710329, "gen_82": 49.07840665710329, "gen_83": 49.07840665710329, "gen_84": 49.07840665710329, "gen_85": 49.07840665710329, "gen_86": 49.07840665710329, "gen_87": 49.07840665710329, "gen_88": 49.07840665710329, "gen_89": 49.07840665710329, "gen_90": 49.07840665710329, "gen_91": 49.07840665710329, "gen_92": 49.07840665710329, "gen_93": 49.07840665710329, "gen_94": 49.07840665710329, "gen_95": 49.07840665710329, "gen_96": 49.07840665710329, "gen_97": 49.07840665710329, "gen_98": 49.07840665710329, "gen_99": 49.07840665710329, "gen_100": 49.07840665710329, "gen_101": 49.07840665710329, "gen_102": 49.07840665710329, "gen_103": 49.07840665710329, "gen_104": 49.07840665710329, "gen_105": 49.07840665710329, "gen_106": 49.07840665710329, "gen_107": 49.07840665710329, "gen_108": 49.07840665710329, "gen_109": 49.07840665710329, "gen_110": 49.07840665710329, "gen_111": 49.07840665710329, "gen_112": 49.07840665710329, "gen_113": 49.07840665710329, "gen_114": 49.07840665710329, "gen_115": 49.07840665710329, "gen_116": 49.07840665710329, "gen_117": 49.07840665710329, "gen_118": 49.07840665710329, "gen_119": 49.07840665710329, "gen_120": 49.07840665710329, "gen_121": 49.07840665710329, "gen_122": 49.07840665710329, "gen_123": 49.07840665710329, "gen_124": 49.07840665710329, "gen_125": 49.07840665710329, "gen_126": 49.07840665710329, "gen_127": 49.07840665710329, "gen_128": 49.07840665710329, "gen_129": 49.40860248984988, "gen_130": 49.40860248984988, "gen_131": 49.40860248984988, "gen_132": 51.422271439523165, "gen_133": 51.422271439523165, "gen_134": 51.422271439523165, "gen_135": 51.422271439523165, "gen_136": 51.422271439523165, "gen_137": 51.422271439523165, "gen_138": 51.422271439523165, "gen_139": 51.422271439523165, "gen_140": 51.422271439523165, "gen_141": 51.422271439523165, "gen_142": 51.422271439523165, "gen_143": 51.422271439523165, "gen_144": 51.422271439523165, "gen_145": 51.422271439523165, "gen_146": 51.422271439523165, "gen_147": 51.422271439523165, "gen_148": 51.422271439523165, "gen_149": 51.422271439523165, "gen_150": 51.422271439523165, "gen_151": 51.422271439523165, "gen_152": 51.422271439523165, "gen_153": 51.422271439523165, "gen_154": 51.422271439523165, "gen_155": 51.422271439523165, "gen_156": 51.422271439523165, "gen_157": 51.422271439523165, "gen_158": 51.422271439523165, "gen_159": 51.422271439523165, "gen_160": 51.422271439523165, "gen_161": 51.422271439523165, "gen_162": 51.422271439523165, "gen_163": 51.422271439523165, "gen_164": 51.422271439523165, "gen_165": 51.422271439523165, "gen_166": 51.422271439523165, "gen_167": 51.422271439523165, "gen_168": 51.422271439523165, "gen_169": 51.422271439523165, "gen_170": 51.422271439523165, "gen_171": 51.422271439523165, "gen_172": 51.422271439523165, "gen_173": 51.422271439523165, "gen_174": 51.422271439523165, "gen_175": 51.422271439523165, "gen_176": 51.422271439523165, "gen_177": 51.422271439523165, "gen_178": 51.422271439523165, "gen_179": 51.422271439523165, "gen_180": 51.422271439523165, "gen_181": 51.422271439523165, "gen_182": 51.422271439523165, "gen_183": 51.422271439523165, "gen_184": 51.422271439523165, "gen_185": 51.422271439523165, "gen_186": 51.422271439523165, "gen_187": 51.422271439523165, "gen_188": 51.422271439523165, "gen_189": 51.422271439523165, "gen_190": 51.422271439523165, "gen_191": 51.422271439523165, "gen_192": 51.422271439523165, "gen_193": 55.37833511401368, "gen_194": 55.37833511401368, "gen_195": 55.37833511401368, "gen_196": 58.19965635637379, "gen_197": 58.19965635637379, "gen_198": 58.19965635637379, "gen_199": 58.19965635637379, "gen_200": 58.19965635637379, "gen_201": 58.19965635637379, "gen_202": 58.19965635637379, "gen_203": 58.19965635637379, "gen_204": 58.19965635637379, "gen_205": 58.19965635637379, "gen_206": 58.19965635637379, "gen_207": 58.19965635637379, "gen_208": 58.19965635637379, "gen_209": 58.19965635637379, "gen_210": 58.19965635637379, "gen_211": 58.19965635637379, "gen_212": 58.19965635637379, "gen_213": 58.19965635637379, "gen_214": 58.19965635637379, "gen_215": 58.19965635637379, "gen_216": 58.19965635637379, "gen_217": 58.19965635637379, "gen_218": 58.19965635637379, "gen_219": 58.19965635637379, "gen_220": 58.19965635637379, "gen_221": 58.19965635637379, "gen_222": 59.694304585948565, "gen_223": 59.694304585948565, "gen_224": 59.694304585948565, "gen_225": 59.694304585948565, "gen_226": 59.694304585948565, "gen_227": 59.694304585948565, "gen_228": 59.694304585948565, "gen_229": 59.694304585948565, "gen_230": 59.694304585948565, "gen_231": 59.694304585948565, "gen_232": 59.694304585948565, "gen_233": 59.694304585948565, "gen_234": 59.694304585948565, "gen_235": 59.694304585948565, "gen_236": 59.694304585948565, "gen_237": 59.694304585948565, "gen_238": 59.694304585948565, "gen_239": 59.694304585948565, "gen_240": 59.694304585948565, "gen_241": 59.694304585948565, "gen_242": 59.694304585948565, "gen_243": 59.694304585948565, "gen_244": 59.694304585948565, "gen_245": 59.694304585948565, "gen_246": 59.694304585948565, "gen_247": 59.694304585948565, "gen_248": 65.7294454563554, "gen_249": 65.7294454563554, "gen_250": 65.7294454563554, "gen_251": 65.7294454563554, "gen_252": 65.7294454563554, "gen_253": 65.7294454563554, "gen_254": 65.7294454563554, "gen_255": 65.7294454563554, "gen_256": 65.7294454563554, "gen_257": 65.7294454563554, "gen_258": 65.7294454563554, "gen_259": 65.7294454563554, "gen_260": 65.7294454563554, "gen_261": 65.7294454563554, "gen_262": 65.7294454563554, "gen_263": 65.7294454563554, "gen_264": 65.7294454563554, "gen_265": 65.7294454563554, "gen_266": 65.7294454563554, "gen_267": 65.7294454563554,