{"gen_1": 18.44561658151842, "gen_2": 16.99541471520302, "gen_3": 20.925635796151163, "gen_4": 19.61862431587122, "gen_5": 21.67853746635074, "gen_6": 28.16518526872365, "gen_7": 23.837093616402083, "gen_8": 22.051586719702662, "gen_9": 20.09093900104066, "gen_10": 19.436838637939765, "gen_11": 19.759424527820347, "gen_12": 35.121872076970476, "gen_13": 34.41442936306707, "gen_14": 27.550077566915558, "gen_15": 22.947224228588272, "gen_16": 24.7893206451333, "gen_17": 22.65848426918574, "gen_18": 26.565889948680827, "gen_19": 20.816011777400064, "gen_20": 36.41850323636019, "gen_21": 24.60272674513103, "gen_22": 24.903916063817537, "gen_23": 32.96567955553463, "gen_24": 26.133572334722324, "gen_25": 21.38260854020522, "gen_26": 31.307518125708164, "gen_27": 26.30436812688299, "gen_28": 27.640791471435854, "gen_29": 22.973024529364086, "gen_30": 22.83777783578138, "gen_31": 25.622890132776654, "gen_32": 24.06862899307645, "gen_33": 22.398713943057636, "gen_34": 24.583312642824175, "gen_35": 28.775961296768326, "gen_36": 23.703684844215093, "gen_37": 20.965695733182308, "gen_38": 25.618957610537546, "gen_39": 26.753709872691964, "gen_40": 26.546877895462778, "gen_41": 24.431687209235985, "gen_42": 23.827435055062523, "gen_43": 25.80382544863131, "gen_44": 20.29545582121313, "gen_45": 31.311546869918864, "gen_46": 34.22868241508503, "gen_47": 31.490181440644353, "gen_48": 26.63224423773359, "gen_49": 25.21584800584899, "gen_50": 25.45429478922092, "gen_51": 27.16560340691283, "gen_52": 33.361404128483706, "gen_53": 34.918491005437886, "gen_54": 34.82145404162547, "gen_55": 26.54597905581438, "gen_56": 21.494348437979063, "gen_57": 31.780050284130557, "gen_58": 27.772729643066782, "gen_59": 27.87247727422376, "gen_60": 30.12966786099765, "gen_61": 20.67638622430374, "gen_62": 28.991026656828687, "gen_63": 27.168041741602213, "gen_64": 31.48369786054527, "gen_65": 28.671926364801557, "gen_66": 31.976066516372278, "gen_67": 28.216940833756276, "gen_68": 28.435506543300438, "gen_69": 26.864626289191534, "gen_70": 26.305939997774942, "gen_71": 24.365355174005977, "gen_72": 28.09500044564752, "gen_73": 34.677733921595106, "gen_74": 39.36330755625495, "gen_75": 20.531177598993263, "gen_76": 23.518247729440667, "gen_77": 26.187483928679132, "gen_78": 29.615197175289893, "gen_79": 29.885128593746305, "gen_80": 26.26384817323886, "gen_81": 32.98453049537754, "gen_82": 34.80148043398157, "gen_83": 32.89868689994434, "gen_84": 25.187761748141085, "gen_85": 28.53514422110579, "gen_86": 29.387095591643476, "gen_87": 28.509298574402173, "gen_88": 31.593564872311227, "gen_89": 37.02402231754475, "gen_90": 36.01484267805982, "gen_91": 30.83129638683738, "gen_92": 35.134678635244164, "gen_93": 38.65867357801364, "gen_94": 34.73778613995348, "gen_95": 33.142023416279905, "gen_96": 32.11860204011809, "gen_97": 25.787188144564425, "gen_98": 25.663526418348717, "gen_99": 28.685674679181897, "gen_100": 29.172116473096658, "gen_101": 22.817925038464047, "gen_102": 29.10496309413528, "gen_103": 25.33931697293783, "gen_104": 28.847741403204374, "gen_105": 28.74478180288791, "gen_106": 35.33296806505213, "gen_107": 31.000996324835473, "gen_108": 23.408956287817045, "gen_109": 29.084546976071532, "gen_110": 31.43490747912706, "gen_111": 27.887445650327116, "gen_112": 26.52805567687483, "gen_113": 26.942182261586037, "gen_114": 22.317417766307162, "gen_115": 24.76552751601407, "gen_116": 26.40053177500763, "gen_117": 29.618946792369364, "gen_118": 29.78858681730536, "gen_119": 27.534433565922587, "gen_120": 26.31626384014846, "gen_121": 29.40615674983771, "gen_122": 32.50081390612654, "gen_123": 27.494858862474064, "gen_124": 30.929183499103697, "gen_125": 30.626172586876784, "gen_126": 31.95957394688325, "gen_127": 37.324263965892484, "gen_128": 38.41390725983039, "gen_129": 19.724323948392225, "gen_130": 35.69345365263591, "gen_131": 36.91244013806363, "gen_132": 33.600633469297485, "gen_133": 25.481546484802735, "gen_134": 27.15659984698694, "gen_135": 28.51853525290121, "gen_136": 28.840008055480997, "gen_137": 28.171220151208058, "gen_138": 26.84411649621331, "gen_139": 28.11528521028297, "gen_140": 28.598376588330943, "gen_141": 31.958706694815866, "gen_142": 34.584942351305834, "gen_143": 31.055651979081375, "gen_144": 35.152896072486996, "gen_145": 25.80352659487128, "gen_146": 33.76443612695911, "gen_147": 28.49424324542115, "gen_148": 24.4982914867445, "gen_149": 23.356884171273656, "gen_150": 29.09094444761069, "gen_151": 30.46929656957267, "gen_152": 35.13234112630492, "gen_153": 23.02019396400571, "gen_154": 30.014174398189773, "gen_155": 25.73645429498087, "gen_156": 38.6524188160874, "gen_157": 31.85795870166112, "gen_158": 28.501920569624115, "gen_159": 34.79776554746777, "gen_160": 36.12585718002727, "gen_161": 25.01547618272294, "gen_162": 22.780297119193726, "gen_163": 26.539671942661858, "gen_164": 27.748125145786435, "gen_165": 27.23463112888182, "gen_166": 31.69420818768861, "gen_167": 39.20155882922128, "gen_168": 30.009562039357327, "gen_169": 23.863270862250914, "gen_170": 23.756075756003547, "gen_171": 28.546377480603354, "gen_172": 27.33944746510759, "gen_173": 29.958880281361324, "gen_174": 29.94951042173856, "gen_175": 26.185462386765415, "gen_176": 30.92045613387174, "gen_177": 34.56317896614432, "gen_178": 35.43549753130173, "gen_179": 30.2813293289722, "gen_180": 30.376135086968883, "gen_181": 21.44594345669646, "gen_182": 28.17368752226007, "gen_183": 26.474504414918574, "gen_184": 33.448669203324265, "gen_185": 26.119381092732016, "gen_186": 26.04229120382042, "gen_187": 26.592539001671685, "gen_188": 30.633719127346033, "gen_189": 22.819088235815265, "gen_190": 26.376879509765093, "gen_191": 24.715927539028506, "gen_192": 27.155991336786713, "gen_193": 24.167582078530327, "gen_194": 35.46734521680112, "gen_195": 35.471860268885116, "gen_196": 30.68742558400235, "gen_197": 37.24665669145724, "gen_198": 29.605236188876766, "gen_199": 29.14641550362341, "gen_200": 32.95260552033177, "gen_201": 26.973110975640832, "gen_202": 33.56227401590535, "gen_203": 31.726992281014127, "gen_204": 30.625766112682918, "gen_205": 37.19601445128401, "gen_206": 36.95472391401403, "gen_207": 34.34648471001443, "gen_208": 32.581304336632726, "gen_209": 38.235641081637304, "gen_210": 31.242160695282784, "gen_211": 37.89761325445244, "gen_212": 40.014019780544174, "gen_213": 40.13867892632178, "gen_214": 35.08208943003034, "gen_215": 33.97886209882678, "gen_216": 41.086052030852656, "gen_217": 40.015076644138226, "gen_218": 37.982177930623784, "gen_219": 31.262951497782176, "gen_220": 31.802293449263708, "gen_221": 26.855694054952455, "gen_222": 27.56267211598839, "gen_223": 33.46227185203148, "gen_224": 31.302507342223937, "gen_225": 21.770507277459338, "gen_226": 27.71298505849176, "gen_227": 31.75728601074801, "gen_228": 30.97612060021489, "gen_229": 30.92453998924185, "gen_230": 27.05545100432038, "gen_231": 34.111821318932115, "gen_232": 36.68959708078434, "gen_233": 28.98189677837338, "gen_234": 23.82352570190606, "gen_235": 26.862686529698994, "gen_236": 33.890384841725684, "gen_237": 35.18840846499161, "gen_238": 33.18075895838983, "gen_239": 31.84004058531114, "gen_240": 26.670804450751348, "gen_241": 29.733601778323827, "gen_242": 34.531998584234245, "gen_243": 30.725325906734316, "gen_244": 20.905352310585336, "gen_245": 32.62820215192809, "gen_246": 34.03380298304051, "gen_247": 33.77971326513411, "gen_248": 33.17448368399689, "gen_249": 33.225092819842324, "gen_250": 39.04920234820965, "gen_251": 29.039715070596976, "gen_252": 34.60966342218649, "gen_253": 40.743651386727635, "gen_254": 38.62508079613067, "gen_255": 25.333737654919993, "gen_256": 39.91734631288086, "gen_257": 28.927738928836856, "gen_258": 31.956919694486952, "gen_259": 36.319764695716096, "gen_260": 34.55189601138078, "gen_261": 31.558388022919946, "gen_262": 41.38598415944765, "gen_263": 43.34438158236371, "gen_264": 43.96027105720793, "gen_265": 35.13407521639429,